[
  {
    "name": "theme_info",
    "theme_name": "EliteEstates",
    "theme_version": "2.0.0",
    "theme_author": "Professional Real Estate",
    "theme_documentation_url": "https://help.shopify.com/manual/online-store/themes",
    "theme_support_url": "https://help.shopify.com/"
  },
  {
    "name": "Color Settings",
    "settings": [
      {
        "type": "color",
        "id": "primary_color",
        "label": "Primary Color",
        "default": "#1E3A8A"
      },
      {
        "type": "color",
        "id": "secondary_color",
        "label": "Secondary Color",
        "default": "#374151"
      },
      {
        "type": "color",
        "id": "accent_color",
        "label": "Accent Color",
        "default": "#10B981"
      },
      {
        "type": "color",
        "id": "text_color",
        "label": "Text Color",
        "default": "#1F2937"
      },
      {
        "type": "color",
        "id": "background_color",
        "label": "Background Color",
        "default": "#F9FAFB"
      }
    ]
  }
]