[
  {
    "name": "theme_info",
    "theme_name": "Energy Spark",
    "theme_version": "1.0.0",
    "theme_author": "Your Name",
    "theme_documentation_url": "https://help.shopify.com/manual/online-store/themes",
    "theme_support_url": "https://support.shopify.com/"
  },
  {
    "name": "Header Settings",
    "settings": [
      {
        "type": "text",
        "id": "header_logo_text",
        "label": "Logo Text",
        "default": "EnergySpark"
      },
      {
        "type": "color",
        "id": "header_bg_color",
        "label": "Header Background Color",
        "default": "#FFFFFF"
      },
      {
        "type": "color",
        "id": "header_text_color",
        "label": "Header Text Color",
        "default": "#2D3748"
      }
    ]
  },
  {
    "name": "Hero Section",
    "settings": [
      {
        "type": "text",
        "id": "hero_title",
        "label": "Hero Title",
        "default": "Ignite Your Inner Energy"
      },
      {
        "type": "textarea",
        "id": "hero_description",
        "label": "Hero Description",
        "default": "Discover premium health supplements designed to boost your vitality, enhance mental clarity, and support your active lifestyle."
      },
      {
        "type": "text",
        "id": "hero_primary_button",
        "label": "Primary Button Text",
        "default": "Shop Now"
      },
      {
        "type": "url",
        "id": "hero_primary_button_link",
        "label": "Primary Button Link"
      },
      {
        "type": "text",
        "id": "hero_secondary_button",
        "label": "Secondary Button Text",
        "default": "Learn More"
      },
      {
        "type": "url",
        "id": "hero_secondary_button_link",
        "label": "Secondary Button Link"
      }
    ]
  },
  {
    "name": "Color Scheme",
    "settings": [
      {
        "type": "color",
        "id": "primary_color",
        "label": "Primary Color",
        "default": "#FF7A45"
      },
      {
        "type": "color",
        "id": "secondary_color",
        "label": "Secondary Color",
        "default": "#FFC145"
      },
      {
        "type": "color",
        "id": "accent_color",
        "label": "Accent Color",
        "default": "#FF8B8B"
      },
      {
        "type": "color",
        "id": "background_color",
        "label": "Background Color",
        "default": "#FFFDF8"
      },
      {
        "type": "color",
        "id": "text_color",
        "label": "Text Color",
        "default": "#2D3748"
      },
      {
        "type": "color",
        "id": "success_color",
        "label": "Success Color",
        "default": "#A2D729"
      }
    ]
  },
  {
    "name": "Footer Settings",
    "settings": [
      {
        "type": "textarea",
        "id": "footer_description",
        "label": "Footer Description",
        "default": "Premium health supplements designed to boost your energy, enhance mental clarity, and support your active lifestyle with 100% natural ingredients."
      },
      {
        "type": "text",
        "id": "newsletter_title",
        "label": "Newsletter Title",
        "default": "Stay Connected"
      },
      {
        "type": "textarea",
        "id": "newsletter_description",
        "label": "Newsletter Description",
        "default": "Get health tips and exclusive offers delivered to your inbox."
      },
      {
        "type": "text",
        "id": "copyright_text",
        "label": "Copyright Text",
        "default": "© 2025 EnergySpark. All rights reserved."
      }
    ]
  },
  {
    "name": "Social Media",
    "settings": [
      {
        "type": "url",
        "id": "social_facebook",
        "label": "Facebook URL"
      },
      {
        "type": "url",
        "id": "social_instagram",
        "label": "Instagram URL"
      },
      {
        "type": "url",
        "id": "social_twitter",
        "label": "Twitter URL"
      },
      {
        "type": "url",
        "id": "social_youtube",
        "label": "YouTube URL"
      },
      {
        "type": "url",
        "id": "social_tiktok",
        "label": "TikTok URL"
      }
    ]
  },
  {
    "name": "Product Settings",
    "settings": [
      {
        "type": "checkbox",
        "id": "show_product_badges",
        "label": "Show Product Badges",
        "default": true
      },
      {
        "type": "checkbox",
        "id": "show_product_reviews",
        "label": "Show Product Reviews",
        "default": true
      },
      {
        "type": "checkbox",
        "id": "show_quick_view",
        "label": "Show Quick View",
        "default": true
      },
      {
        "type": "select",
        "id": "product_image_ratio",
        "label": "Product Image Ratio",
        "options": [
          {
            "value": "square",
            "label": "Square (1:1)"
          },
          {
            "value": "portrait",
            "label": "Portrait (3:4)"
          },
          {
            "value": "landscape",
            "label": "Landscape (4:3)"
          }
        ],
        "default": "square"
      }
    ]
  },
  {
    "name": "Announcement Bar",
    "settings": [
      {
        "type": "checkbox",
        "id": "show_announcement",
        "label": "Show Announcement Bar",
        "default": true
      },
      {
        "type": "text",
        "id": "announcement_text",
        "label": "Announcement Text",
        "default": "Free shipping on orders over $50! Shop now and feel the difference."
      },
      {
        "type": "color",
        "id": "announcement_bg_color",
        "label": "Background Color",
        "default": "#FF7A45"
      },
      {
        "type": "color",
        "id": "announcement_text_color",
        "label": "Text Color",
        "default": "#FFFFFF"
      }
    ]
  }
]