{
  "current": {
    "header_logo_text": "EnergySpark",
    "header_bg_color": "#FFFFFF",
    "header_text_color": "#2D3748",
    "hero_title": "Ignite Your Inner Energy",
    "hero_description": "Discover premium health supplements designed to boost your vitality, enhance mental clarity, and support your active lifestyle.",
    "hero_primary_button": "Shop Now",
    "hero_secondary_button": "Learn More",
    "primary_color": "#FF7A45",
    "secondary_color": "#FFC145",
    "accent_color": "#FF8B8B",
    "background_color": "#FFFDF8",
    "text_color": "#2D3748",
    "success_color": "#A2D729",
    "footer_description": "Premium health supplements designed to boost your energy, enhance mental clarity, and support your active lifestyle with 100% natural ingredients.",
    "newsletter_title": "Stay Connected",
    "newsletter_description": "Get health tips and exclusive offers delivered to your inbox.",
    "copyright_text": "© 2024 EnergySpark. All rights reserved.",
    "show_announcement": true,
    "announcement_text": "✨ Free shipping on orders over $50! Shop now and feel the difference.",
    "announcement_bg_color": "#FF7A45",
    "announcement_text_color": "#FFFFFF",
    "show_product_badges": true,
    "show_product_reviews": true,
    "show_quick_view": true,
    "product_image_ratio": "square"
  }
}