[
  {
    "name": "theme_info",
    "theme_name": "Business",
    "theme_version": "1.0.0",
    "theme_author": "Business Team",
    "theme_documentation_url": "https://docs.business.com",
    "theme_support_url": "https://support.business.com"
  },
  {
    "name": "Brand Settings",
    "settings": [
      {
        "type": "text",
        "id": "business_name",
        "label": "Business Name",
        "default": "Business"
      },
      {
        "type": "text", 
        "id": "business_shortname",
        "label": "Business Short Name",
        "default": "BZ"
      },
      {
        "type": "text",
        "id": "business_tagline", 
        "label": "Business Tagline",
        "default": "Professional Solutions"
      }
    ]
  },
  {
    "name": "Color Customization",
    "settings": [
      {
        "type": "color",
        "id": "primary_color",
        "label": "Primary Color",
        "default": "#0d9488"
      },
      {
        "type": "color",
        "id": "secondary_color",
        "label": "Secondary Color",
        "default": "#0f766e"
      },
      {
        "type": "color", 
        "id": "accent_color",
        "label": "Accent Color",
        "default": "#14b8a6"
      },
      {
        "type": "color",
        "id": "success_color",
        "label": "Success Color", 
        "default": "#10b981"
      },
      {
        "type": "color",
        "id": "text_color",
        "label": "Text Color",
        "default": "#2d3748"
      },
      {
        "type": "color",
        "id": "bg_color",
        "label": "Background Color",
        "default": "#ffffff"
      },
      {
        "type": "color",
        "id": "card_bg", 
        "label": "Card Background",
        "default": "#ffffff"
      }
    ]
  },
  {
    "name": "Effects & Animation",
    "settings": [
      {
        "type": "checkbox",
        "id": "enable_animations",
        "label": "Enable Animations",
        "default": true
      },
      {
        "type": "checkbox",
        "id": "enable_parallax",
        "label": "Enable Parallax Effects",
        "default": true
      },
      {
        "type": "range",
        "id": "animation_speed",
        "label": "Animation Speed",
        "min": 0.5,
        "max": 2,
        "step": 0.1,
        "default": 1
      }
    ]
  }
]