{
  "name": "EliteEstates",
  "version": "1.0.0",
  "author": "Your Name",
  "settings": [
    {
      "id": "primary_color",
      "label": "Primary Color",
      "type": "color",
      "default": "#1E3A8A"
    },
    {
      "id": "secondary_color",
      "label": "Secondary Color",
      "type": "color",
      "default": "#374151"
    },
    {
      "id": "accent_color",
      "label": "Accent Color",
      "type": "color",
      "default": "#10B981"
    },
    {
      "id": "text_color",
      "label": "Text Color",
      "type": "color",
      "default": "#1F2937"
    },
    {
      "id": "background_color",
      "label": "Background Color",
      "type": "color",
      "default": "#F9FAFB"
    },
    {
      "id": "header_background",
      "label": "Header Background",
      "type": "color",
      "default": "#FFFFFF"
    },
    {
      "id": "footer_background",
      "label": "Footer Background",
      "type": "color",
      "default": "#1a202c"
    },
    {
      "id": "hero_background",
      "label": "Hero Background",
      "type": "color",
      "default": "#1E3A8A"
    },
    {
      "id": "border_radius",
      "label": "Border Radius",
      "type": "select",
      "options": [
        {"value": "8px", "label": "Small"},
        {"value": "12px", "label": "Medium"},
        {"value": "16px", "label": "Large"}
      ],
      "default": "12px"
    },
    {
      "id": "button_style",
      "label": "Button Style",
      "type": "select",
      "options": [
        {"value": "rounded", "label": "Rounded"},
        {"value": "square", "label": "Square"},
        {"value": "pill", "label": "Pill"}
      ],
      "default": "rounded"
    }
  ]
}