[
  {
    "name": "theme_info",
    "theme_name": "Elite fashion theme",
    "theme_version": "1.0",
    "theme_author": "Samia Aslam",
    "theme_documentation_url": "https://help.shopify.com/",
    "theme_support_url": "https://support.shopify.com/"
  },
  {
    "name": "Colors",
    "settings": [
      {
        "type": "color",
        "id": "primary_color",
        "label": "Primary Pink Color",
        "default": "#db2777"
      },
      {
        "type": "color",
        "id": "secondary_color",
        "label": "Secondary Pink Color",
        "default": "#fbcfe8"
      },
      {
        "type": "color",
        "id": "text_color",
        "label": "Text Color",
        "default": "#831843"
      },
      {
        "type": "color",
        "id": "background_color",
        "label": "Background Color",
        "default": "#fdf2f8"
      }
    ]
  }
  
    
]